<annotation>
	<folder>trainingset</folder>
	<filename>video8_5.png</filename>
	<path>/home/milly/바탕화면/trainingset/video8_5.png</path>
	<source>
		<database>Unknown</database>
	</source>
	<size>
		<width>640</width>
		<height>480</height>
		<depth>3</depth>
	</size>
	<segmented>0</segmented>
	<object>
		<name>ignore</name>
		<pose>Unspecified</pose>
		<truncated>0</truncated>
		<difficult>0</difficult>
		<bndbox>
			<xmin>351</xmin>
			<ymin>204</ymin>
			<xmax>374</xmax>
			<ymax>233</ymax>
		</bndbox>
	</object>
	<object>
		<name>ignore</name>
		<pose>Unspecified</pose>
		<truncated>0</truncated>
		<difficult>0</difficult>
		<bndbox>
			<xmin>286</xmin>
			<ymin>178</ymin>
			<xmax>317</xmax>
			<ymax>202</ymax>
		</bndbox>
	</object>
	<object>
		<name>ignore</name>
		<pose>Unspecified</pose>
		<truncated>0</truncated>
		<difficult>0</difficult>
		<bndbox>
			<xmin>316</xmin>
			<ymin>208</ymin>
			<xmax>330</xmax>
			<ymax>223</ymax>
		</bndbox>
	</object>
</annotation>
