<annotation>
	<folder>trainingset</folder>
	<filename>video8_93.png</filename>
	<path>/home/milly/바탕화면/trainingset/video8_93.png</path>
	<source>
		<database>Unknown</database>
	</source>
	<size>
		<width>640</width>
		<height>480</height>
		<depth>3</depth>
	</size>
	<segmented>0</segmented>
	<object>
		<name>left</name>
		<pose>Unspecified</pose>
		<truncated>0</truncated>
		<difficult>0</difficult>
		<bndbox>
			<xmin>376</xmin>
			<ymin>120</ymin>
			<xmax>568</xmax>
			<ymax>277</ymax>
		</bndbox>
	</object>
	<object>
		<name>ignore</name>
		<pose>Unspecified</pose>
		<truncated>0</truncated>
		<difficult>0</difficult>
		<bndbox>
			<xmin>46</xmin>
			<ymin>212</ymin>
			<xmax>60</xmax>
			<ymax>226</ymax>
		</bndbox>
	</object>
</annotation>
