<annotation>
	<folder>trainingset</folder>
	<filename>video8_46.png</filename>
	<path>/home/milly/바탕화면/trainingset/video8_46.png</path>
	<source>
		<database>Unknown</database>
	</source>
	<size>
		<width>640</width>
		<height>480</height>
		<depth>3</depth>
	</size>
	<segmented>0</segmented>
	<object>
		<name>left</name>
		<pose>Unspecified</pose>
		<truncated>0</truncated>
		<difficult>0</difficult>
		<bndbox>
			<xmin>164</xmin>
			<ymin>126</ymin>
			<xmax>225</xmax>
			<ymax>216</ymax>
		</bndbox>
	</object>
	<object>
		<name>ignore</name>
		<pose>Unspecified</pose>
		<truncated>0</truncated>
		<difficult>0</difficult>
		<bndbox>
			<xmin>328</xmin>
			<ymin>202</ymin>
			<xmax>346</xmax>
			<ymax>220</ymax>
		</bndbox>
	</object>
</annotation>
