<annotation>
	<folder>trainingset</folder>
	<filename>video8_11.png</filename>
	<path>/home/milly/바탕화면/trainingset/video8_11.png</path>
	<source>
		<database>Unknown</database>
	</source>
	<size>
		<width>640</width>
		<height>480</height>
		<depth>3</depth>
	</size>
	<segmented>0</segmented>
	<object>
		<name>left</name>
		<pose>Unspecified</pose>
		<truncated>0</truncated>
		<difficult>0</difficult>
		<bndbox>
			<xmin>191</xmin>
			<ymin>85</ymin>
			<xmax>292</xmax>
			<ymax>169</ymax>
		</bndbox>
	</object>
	<object>
		<name>left</name>
		<pose>Unspecified</pose>
		<truncated>0</truncated>
		<difficult>0</difficult>
		<bndbox>
			<xmin>426</xmin>
			<ymin>179</ymin>
			<xmax>510</xmax>
			<ymax>277</ymax>
		</bndbox>
	</object>
	<object>
		<name>ignore</name>
		<pose>Unspecified</pose>
		<truncated>0</truncated>
		<difficult>0</difficult>
		<bndbox>
			<xmin>305</xmin>
			<ymin>210</ymin>
			<xmax>325</xmax>
			<ymax>233</ymax>
		</bndbox>
	</object>
</annotation>
