<annotation>
	<folder>trainingset</folder>
	<filename>video8_87.png</filename>
	<path>/home/milly/바탕화면/trainingset/video8_87.png</path>
	<source>
		<database>Unknown</database>
	</source>
	<size>
		<width>640</width>
		<height>480</height>
		<depth>3</depth>
	</size>
	<segmented>0</segmented>
	<object>
		<name>right</name>
		<pose>Unspecified</pose>
		<truncated>0</truncated>
		<difficult>0</difficult>
		<bndbox>
			<xmin>369</xmin>
			<ymin>105</ymin>
			<xmax>437</xmax>
			<ymax>208</ymax>
		</bndbox>
	</object>
	<object>
		<name>ignore</name>
		<pose>Unspecified</pose>
		<truncated>0</truncated>
		<difficult>0</difficult>
		<bndbox>
			<xmin>470</xmin>
			<ymin>199</ymin>
			<xmax>515</xmax>
			<ymax>232</ymax>
		</bndbox>
	</object>
	<object>
		<name>ignore</name>
		<pose>Unspecified</pose>
		<truncated>0</truncated>
		<difficult>0</difficult>
		<bndbox>
			<xmin>591</xmin>
			<ymin>199</ymin>
			<xmax>605</xmax>
			<ymax>221</ymax>
		</bndbox>
	</object>
</annotation>
