<annotation>
	<folder>trainingset</folder>
	<filename>video8_27.png</filename>
	<path>/home/milly/바탕화면/trainingset/video8_27.png</path>
	<source>
		<database>Unknown</database>
	</source>
	<size>
		<width>640</width>
		<height>480</height>
		<depth>3</depth>
	</size>
	<segmented>0</segmented>
	<object>
		<name>left</name>
		<pose>Unspecified</pose>
		<truncated>0</truncated>
		<difficult>0</difficult>
		<bndbox>
			<xmin>73</xmin>
			<ymin>134</ymin>
			<xmax>209</xmax>
			<ymax>325</ymax>
		</bndbox>
	</object>
	<object>
		<name>ignore</name>
		<pose>Unspecified</pose>
		<truncated>0</truncated>
		<difficult>0</difficult>
		<bndbox>
			<xmin>306</xmin>
			<ymin>193</ymin>
			<xmax>329</xmax>
			<ymax>227</ymax>
		</bndbox>
	</object>
	<object>
		<name>ignore</name>
		<pose>Unspecified</pose>
		<truncated>0</truncated>
		<difficult>0</difficult>
		<bndbox>
			<xmin>416</xmin>
			<ymin>207</ymin>
			<xmax>425</xmax>
			<ymax>221</ymax>
		</bndbox>
	</object>
</annotation>
