<annotation>
	<folder>trainingset</folder>
	<filename>video8_99.png</filename>
	<path>/home/milly/바탕화면/trainingset/video8_99.png</path>
	<source>
		<database>Unknown</database>
	</source>
	<size>
		<width>640</width>
		<height>480</height>
		<depth>3</depth>
	</size>
	<segmented>0</segmented>
	<object>
		<name>ignore</name>
		<pose>Unspecified</pose>
		<truncated>0</truncated>
		<difficult>0</difficult>
		<bndbox>
			<xmin>349</xmin>
			<ymin>148</ymin>
			<xmax>391</xmax>
			<ymax>201</ymax>
		</bndbox>
	</object>
</annotation>
