<annotation>
	<folder>trainingset</folder>
	<filename>video8_115.png</filename>
	<path>/home/milly/바탕화면/trainingset/video8_115.png</path>
	<source>
		<database>Unknown</database>
	</source>
	<size>
		<width>640</width>
		<height>480</height>
		<depth>3</depth>
	</size>
	<segmented>0</segmented>
	<object>
		<name>right</name>
		<pose>Unspecified</pose>
		<truncated>1</truncated>
		<difficult>0</difficult>
		<bndbox>
			<xmin>49</xmin>
			<ymin>1</ymin>
			<xmax>215</xmax>
			<ymax>199</ymax>
		</bndbox>
	</object>
	<object>
		<name>ignore</name>
		<pose>Unspecified</pose>
		<truncated>0</truncated>
		<difficult>0</difficult>
		<bndbox>
			<xmin>285</xmin>
			<ymin>177</ymin>
			<xmax>317</xmax>
			<ymax>205</ymax>
		</bndbox>
	</object>
	<object>
		<name>ignore</name>
		<pose>Unspecified</pose>
		<truncated>0</truncated>
		<difficult>0</difficult>
		<bndbox>
			<xmin>350</xmin>
			<ymin>205</ymin>
			<xmax>378</xmax>
			<ymax>236</ymax>
		</bndbox>
	</object>
</annotation>
