<annotation>
	<folder>trainingset</folder>
	<filename>video8_85.png</filename>
	<path>/home/milly/바탕화면/trainingset/video8_85.png</path>
	<source>
		<database>Unknown</database>
	</source>
	<size>
		<width>640</width>
		<height>480</height>
		<depth>3</depth>
	</size>
	<segmented>0</segmented>
	<object>
		<name>ignore</name>
		<pose>Unspecified</pose>
		<truncated>0</truncated>
		<difficult>0</difficult>
		<bndbox>
			<xmin>397</xmin>
			<ymin>148</ymin>
			<xmax>445</xmax>
			<ymax>211</ymax>
		</bndbox>
	</object>
	<object>
		<name>ignore</name>
		<pose>Unspecified</pose>
		<truncated>0</truncated>
		<difficult>0</difficult>
		<bndbox>
			<xmin>485</xmin>
			<ymin>201</ymin>
			<xmax>522</xmax>
			<ymax>230</ymax>
		</bndbox>
	</object>
	<object>
		<name>ignore</name>
		<pose>Unspecified</pose>
		<truncated>0</truncated>
		<difficult>0</difficult>
		<bndbox>
			<xmin>580</xmin>
			<ymin>200</ymin>
			<xmax>594</xmax>
			<ymax>218</ymax>
		</bndbox>
	</object>
</annotation>
