<annotation>
	<folder>trainingset</folder>
	<filename>video8_84.png</filename>
	<path>/home/milly/바탕화면/trainingset/video8_84.png</path>
	<source>
		<database>Unknown</database>
	</source>
	<size>
		<width>640</width>
		<height>480</height>
		<depth>3</depth>
	</size>
	<segmented>0</segmented>
	<object>
		<name>ignore</name>
		<pose>Unspecified</pose>
		<truncated>0</truncated>
		<difficult>0</difficult>
		<bndbox>
			<xmin>383</xmin>
			<ymin>154</ymin>
			<xmax>422</xmax>
			<ymax>213</ymax>
		</bndbox>
	</object>
	<object>
		<name>ignore</name>
		<pose>Unspecified</pose>
		<truncated>0</truncated>
		<difficult>0</difficult>
		<bndbox>
			<xmin>469</xmin>
			<ymin>200</ymin>
			<xmax>501</xmax>
			<ymax>229</ymax>
		</bndbox>
	</object>
	<object>
		<name>ignore</name>
		<pose>Unspecified</pose>
		<truncated>0</truncated>
		<difficult>0</difficult>
		<bndbox>
			<xmin>553</xmin>
			<ymin>202</ymin>
			<xmax>567</xmax>
			<ymax>220</ymax>
		</bndbox>
	</object>
</annotation>
