<annotation>
	<folder>trainingset</folder>
	<filename>video8_78.png</filename>
	<path>/home/milly/바탕화면/trainingset/video8_78.png</path>
	<source>
		<database>Unknown</database>
	</source>
	<size>
		<width>640</width>
		<height>480</height>
		<depth>3</depth>
	</size>
	<segmented>0</segmented>
	<object>
		<name>ignore</name>
		<pose>Unspecified</pose>
		<truncated>0</truncated>
		<difficult>0</difficult>
		<bndbox>
			<xmin>377</xmin>
			<ymin>182</ymin>
			<xmax>400</xmax>
			<ymax>219</ymax>
		</bndbox>
	</object>
	<object>
		<name>ignore</name>
		<pose>Unspecified</pose>
		<truncated>0</truncated>
		<difficult>0</difficult>
		<bndbox>
			<xmin>435</xmin>
			<ymin>208</ymin>
			<xmax>458</xmax>
			<ymax>223</ymax>
		</bndbox>
	</object>
	<object>
		<name>ignore</name>
		<pose>Unspecified</pose>
		<truncated>0</truncated>
		<difficult>0</difficult>
		<bndbox>
			<xmin>619</xmin>
			<ymin>198</ymin>
			<xmax>630</xmax>
			<ymax>217</ymax>
		</bndbox>
	</object>
</annotation>
