<annotation>
	<folder>trainingset</folder>
	<filename>video8_20.png</filename>
	<path>/home/milly/바탕화면/trainingset/video8_20.png</path>
	<source>
		<database>Unknown</database>
	</source>
	<size>
		<width>640</width>
		<height>480</height>
		<depth>3</depth>
	</size>
	<segmented>0</segmented>
	<object>
		<name>ignore</name>
		<pose>Unspecified</pose>
		<truncated>0</truncated>
		<difficult>0</difficult>
		<bndbox>
			<xmin>270</xmin>
			<ymin>200</ymin>
			<xmax>295</xmax>
			<ymax>237</ymax>
		</bndbox>
	</object>
	<object>
		<name>ignore</name>
		<pose>Unspecified</pose>
		<truncated>0</truncated>
		<difficult>0</difficult>
		<bndbox>
			<xmin>297</xmin>
			<ymin>202</ymin>
			<xmax>310</xmax>
			<ymax>224</ymax>
		</bndbox>
	</object>
	<object>
		<name>ignore</name>
		<pose>Unspecified</pose>
		<truncated>0</truncated>
		<difficult>0</difficult>
		<bndbox>
			<xmin>404</xmin>
			<ymin>205</ymin>
			<xmax>411</xmax>
			<ymax>222</ymax>
		</bndbox>
	</object>
</annotation>
