<annotation>
	<folder>trainingset</folder>
	<filename>video8_69.png</filename>
	<path>/home/milly/바탕화면/trainingset/video8_69.png</path>
	<source>
		<database>Unknown</database>
	</source>
	<size>
		<width>640</width>
		<height>480</height>
		<depth>3</depth>
	</size>
	<segmented>0</segmented>
	<object>
		<name>ignore</name>
		<pose>Unspecified</pose>
		<truncated>0</truncated>
		<difficult>0</difficult>
		<bndbox>
			<xmin>558</xmin>
			<ymin>201</ymin>
			<xmax>585</xmax>
			<ymax>245</ymax>
		</bndbox>
	</object>
	<object>
		<name>ignore</name>
		<pose>Unspecified</pose>
		<truncated>0</truncated>
		<difficult>0</difficult>
		<bndbox>
			<xmin>520</xmin>
			<ymin>199</ymin>
			<xmax>534</xmax>
			<ymax>217</ymax>
		</bndbox>
	</object>
	<object>
		<name>ignore</name>
		<pose>Unspecified</pose>
		<truncated>0</truncated>
		<difficult>0</difficult>
		<bndbox>
			<xmin>545</xmin>
			<ymin>212</ymin>
			<xmax>558</xmax>
			<ymax>224</ymax>
		</bndbox>
	</object>
</annotation>
