<annotation>
	<folder>trainingset</folder>
	<filename>video8_7.png</filename>
	<path>/home/milly/바탕화면/trainingset/video8_7.png</path>
	<source>
		<database>Unknown</database>
	</source>
	<size>
		<width>640</width>
		<height>480</height>
		<depth>3</depth>
	</size>
	<segmented>0</segmented>
	<object>
		<name>ignore</name>
		<pose>Unspecified</pose>
		<truncated>0</truncated>
		<difficult>0</difficult>
		<bndbox>
			<xmin>250</xmin>
			<ymin>206</ymin>
			<xmax>281</xmax>
			<ymax>239</ymax>
		</bndbox>
	</object>
	<object>
		<name>ignore</name>
		<pose>Unspecified</pose>
		<truncated>0</truncated>
		<difficult>0</difficult>
		<bndbox>
			<xmin>174</xmin>
			<ymin>175</ymin>
			<xmax>211</xmax>
			<ymax>205</ymax>
		</bndbox>
	</object>
</annotation>
