<annotation>
	<folder>trainingset</folder>
	<filename>video8_28.png</filename>
	<path>/home/milly/바탕화면/trainingset/video8_28.png</path>
	<source>
		<database>Unknown</database>
	</source>
	<size>
		<width>640</width>
		<height>480</height>
		<depth>3</depth>
	</size>
	<segmented>0</segmented>
	<object>
		<name>left</name>
		<pose>Unspecified</pose>
		<truncated>0</truncated>
		<difficult>0</difficult>
		<bndbox>
			<xmin>61</xmin>
			<ymin>129</ymin>
			<xmax>199</xmax>
			<ymax>334</ymax>
		</bndbox>
	</object>
	<object>
		<name>ignore</name>
		<pose>Unspecified</pose>
		<truncated>0</truncated>
		<difficult>0</difficult>
		<bndbox>
			<xmin>306</xmin>
			<ymin>193</ymin>
			<xmax>330</xmax>
			<ymax>228</ymax>
		</bndbox>
	</object>
</annotation>
