<annotation>
	<folder>trainingset</folder>
	<filename>video8_15.png</filename>
	<path>/home/milly/바탕화면/trainingset/video8_15.png</path>
	<source>
		<database>Unknown</database>
	</source>
	<size>
		<width>640</width>
		<height>480</height>
		<depth>3</depth>
	</size>
	<segmented>0</segmented>
	<object>
		<name>ignore</name>
		<pose>Unspecified</pose>
		<truncated>0</truncated>
		<difficult>0</difficult>
		<bndbox>
			<xmin>267</xmin>
			<ymin>204</ymin>
			<xmax>284</xmax>
			<ymax>228</ymax>
		</bndbox>
	</object>
	<object>
		<name>ignore</name>
		<pose>Unspecified</pose>
		<truncated>0</truncated>
		<difficult>0</difficult>
		<bndbox>
			<xmin>282</xmin>
			<ymin>202</ymin>
			<xmax>294</xmax>
			<ymax>219</ymax>
		</bndbox>
	</object>
</annotation>
