<annotation>
	<folder>trainingset</folder>
	<filename>video8_80.png</filename>
	<path>/home/milly/바탕화면/trainingset/video8_80.png</path>
	<source>
		<database>Unknown</database>
	</source>
	<size>
		<width>640</width>
		<height>480</height>
		<depth>3</depth>
	</size>
	<segmented>0</segmented>
	<object>
		<name>ignore</name>
		<pose>Unspecified</pose>
		<truncated>0</truncated>
		<difficult>0</difficult>
		<bndbox>
			<xmin>341</xmin>
			<ymin>178</ymin>
			<xmax>369</xmax>
			<ymax>219</ymax>
		</bndbox>
	</object>
	<object>
		<name>ignore</name>
		<pose>Unspecified</pose>
		<truncated>0</truncated>
		<difficult>0</difficult>
		<bndbox>
			<xmin>408</xmin>
			<ymin>205</ymin>
			<xmax>437</xmax>
			<ymax>227</ymax>
		</bndbox>
	</object>
	<object>
		<name>ignore</name>
		<pose>Unspecified</pose>
		<truncated>0</truncated>
		<difficult>0</difficult>
		<bndbox>
			<xmin>469</xmin>
			<ymin>202</ymin>
			<xmax>483</xmax>
			<ymax>216</ymax>
		</bndbox>
	</object>
</annotation>
