<annotation>
	<folder>trainingset</folder>
	<filename>video8_110.png</filename>
	<path>/home/milly/바탕화면/trainingset/video8_110.png</path>
	<source>
		<database>Unknown</database>
	</source>
	<size>
		<width>640</width>
		<height>480</height>
		<depth>3</depth>
	</size>
	<segmented>0</segmented>
	<object>
		<name>ignore</name>
		<pose>Unspecified</pose>
		<truncated>0</truncated>
		<difficult>0</difficult>
		<bndbox>
			<xmin>156</xmin>
			<ymin>175</ymin>
			<xmax>188</xmax>
			<ymax>221</ymax>
		</bndbox>
	</object>
	<object>
		<name>ignore</name>
		<pose>Unspecified</pose>
		<truncated>0</truncated>
		<difficult>0</difficult>
		<bndbox>
			<xmin>205</xmin>
			<ymin>196</ymin>
			<xmax>225</xmax>
			<ymax>214</ymax>
		</bndbox>
	</object>
	<object>
		<name>ignore</name>
		<pose>Unspecified</pose>
		<truncated>0</truncated>
		<difficult>0</difficult>
		<bndbox>
			<xmin>247</xmin>
			<ymin>212</ymin>
			<xmax>262</xmax>
			<ymax>233</ymax>
		</bndbox>
	</object>
</annotation>
