<annotation>
	<folder>trainingset</folder>
	<filename>video8_111.png</filename>
	<path>/home/milly/바탕화면/trainingset/video8_111.png</path>
	<source>
		<database>Unknown</database>
	</source>
	<size>
		<width>640</width>
		<height>480</height>
		<depth>3</depth>
	</size>
	<segmented>0</segmented>
	<object>
		<name>ignore</name>
		<pose>Unspecified</pose>
		<truncated>0</truncated>
		<difficult>0</difficult>
		<bndbox>
			<xmin>208</xmin>
			<ymin>166</ymin>
			<xmax>247</xmax>
			<ymax>221</ymax>
		</bndbox>
	</object>
	<object>
		<name>ignore</name>
		<pose>Unspecified</pose>
		<truncated>0</truncated>
		<difficult>0</difficult>
		<bndbox>
			<xmin>270</xmin>
			<ymin>196</ymin>
			<xmax>291</xmax>
			<ymax>214</ymax>
		</bndbox>
	</object>
	<object>
		<name>ignore</name>
		<pose>Unspecified</pose>
		<truncated>0</truncated>
		<difficult>0</difficult>
		<bndbox>
			<xmin>317</xmin>
			<ymin>214</ymin>
			<xmax>332</xmax>
			<ymax>234</ymax>
		</bndbox>
	</object>
</annotation>
