<annotation>
	<folder>trainingset</folder>
	<filename>video8_52.png</filename>
	<path>/home/milly/바탕화면/trainingset/video8_52.png</path>
	<source>
		<database>Unknown</database>
	</source>
	<size>
		<width>640</width>
		<height>480</height>
		<depth>3</depth>
	</size>
	<segmented>0</segmented>
	<object>
		<name>ignore</name>
		<pose>Unspecified</pose>
		<truncated>0</truncated>
		<difficult>0</difficult>
		<bndbox>
			<xmin>380</xmin>
			<ymin>201</ymin>
			<xmax>404</xmax>
			<ymax>241</ymax>
		</bndbox>
	</object>
	<object>
		<name>ignore</name>
		<pose>Unspecified</pose>
		<truncated>0</truncated>
		<difficult>0</difficult>
		<bndbox>
			<xmin>527</xmin>
			<ymin>222</ymin>
			<xmax>536</xmax>
			<ymax>231</ymax>
		</bndbox>
	</object>
</annotation>
