<annotation>
	<folder>trainingset</folder>
	<filename>video8_114.png</filename>
	<path>/home/milly/바탕화면/trainingset/video8_114.png</path>
	<source>
		<database>Unknown</database>
	</source>
	<size>
		<width>640</width>
		<height>480</height>
		<depth>3</depth>
	</size>
	<segmented>0</segmented>
	<object>
		<name>right</name>
		<pose>Unspecified</pose>
		<truncated>0</truncated>
		<difficult>0</difficult>
		<bndbox>
			<xmin>308</xmin>
			<ymin>100</ymin>
			<xmax>388</xmax>
			<ymax>210</ymax>
		</bndbox>
	</object>
	<object>
		<name>ignore</name>
		<pose>Unspecified</pose>
		<truncated>0</truncated>
		<difficult>0</difficult>
		<bndbox>
			<xmin>461</xmin>
			<ymin>208</ymin>
			<xmax>480</xmax>
			<ymax>234</ymax>
		</bndbox>
	</object>
	<object>
		<name>ignore</name>
		<pose>Unspecified</pose>
		<truncated>0</truncated>
		<difficult>0</difficult>
		<bndbox>
			<xmin>404</xmin>
			<ymin>185</ymin>
			<xmax>428</xmax>
			<ymax>206</ymax>
		</bndbox>
	</object>
</annotation>
