<annotation>
	<folder>trainingset</folder>
	<filename>video8_10.png</filename>
	<path>/home/milly/바탕화면/trainingset/video8_10.png</path>
	<source>
		<database>Unknown</database>
	</source>
	<size>
		<width>640</width>
		<height>480</height>
		<depth>3</depth>
	</size>
	<segmented>0</segmented>
	<object>
		<name>left</name>
		<pose>Unspecified</pose>
		<truncated>0</truncated>
		<difficult>0</difficult>
		<bndbox>
			<xmin>398</xmin>
			<ymin>192</ymin>
			<xmax>458</xmax>
			<ymax>260</ymax>
		</bndbox>
	</object>
	<object>
		<name>left</name>
		<pose>Unspecified</pose>
		<truncated>0</truncated>
		<difficult>0</difficult>
		<bndbox>
			<xmin>230</xmin>
			<ymin>126</ymin>
			<xmax>305</xmax>
			<ymax>182</ymax>
		</bndbox>
	</object>
	<object>
		<name>ignore</name>
		<pose>Unspecified</pose>
		<truncated>0</truncated>
		<difficult>0</difficult>
		<bndbox>
			<xmin>308</xmin>
			<ymin>209</ymin>
			<xmax>326</xmax>
			<ymax>231</ymax>
		</bndbox>
	</object>
</annotation>
