<annotation>
	<folder>trainingset</folder>
	<filename>video8_25.png</filename>
	<path>/home/milly/바탕화면/trainingset/video8_25.png</path>
	<source>
		<database>Unknown</database>
	</source>
	<size>
		<width>640</width>
		<height>480</height>
		<depth>3</depth>
	</size>
	<segmented>0</segmented>
	<object>
		<name>left</name>
		<pose>Unspecified</pose>
		<truncated>0</truncated>
		<difficult>0</difficult>
		<bndbox>
			<xmin>184</xmin>
			<ymin>172</ymin>
			<xmax>258</xmax>
			<ymax>272</ymax>
		</bndbox>
	</object>
	<object>
		<name>ignore</name>
		<pose>Unspecified</pose>
		<truncated>0</truncated>
		<difficult>0</difficult>
		<bndbox>
			<xmin>296</xmin>
			<ymin>196</ymin>
			<xmax>316</xmax>
			<ymax>225</ymax>
		</bndbox>
	</object>
</annotation>
