<annotation>
	<folder>trainingset</folder>
	<filename>video8_64.png</filename>
	<path>/home/milly/바탕화면/trainingset/video8_64.png</path>
	<source>
		<database>Unknown</database>
	</source>
	<size>
		<width>640</width>
		<height>480</height>
		<depth>3</depth>
	</size>
	<segmented>0</segmented>
	<object>
		<name>ignore</name>
		<pose>Unspecified</pose>
		<truncated>0</truncated>
		<difficult>0</difficult>
		<bndbox>
			<xmin>173</xmin>
			<ymin>224</ymin>
			<xmax>181</xmax>
			<ymax>233</ymax>
		</bndbox>
	</object>
</annotation>
