<annotation>
	<folder>trainingset</folder>
	<filename>video8_82.png</filename>
	<path>/home/milly/바탕화면/trainingset/video8_82.png</path>
	<source>
		<database>Unknown</database>
	</source>
	<size>
		<width>640</width>
		<height>480</height>
		<depth>3</depth>
	</size>
	<segmented>0</segmented>
	<object>
		<name>ignore</name>
		<pose>Unspecified</pose>
		<truncated>0</truncated>
		<difficult>0</difficult>
		<bndbox>
			<xmin>361</xmin>
			<ymin>165</ymin>
			<xmax>394</xmax>
			<ymax>216</ymax>
		</bndbox>
	</object>
	<object>
		<name>ignore</name>
		<pose>Unspecified</pose>
		<truncated>0</truncated>
		<difficult>0</difficult>
		<bndbox>
			<xmin>438</xmin>
			<ymin>204</ymin>
			<xmax>465</xmax>
			<ymax>227</ymax>
		</bndbox>
	</object>
	<object>
		<name>ignore</name>
		<pose>Unspecified</pose>
		<truncated>0</truncated>
		<difficult>0</difficult>
		<bndbox>
			<xmin>509</xmin>
			<ymin>200</ymin>
			<xmax>520</xmax>
			<ymax>216</ymax>
		</bndbox>
	</object>
</annotation>
