<annotation>
	<folder>trainingset</folder>
	<filename>video8_12.png</filename>
	<path>/home/milly/바탕화면/trainingset/video8_12.png</path>
	<source>
		<database>Unknown</database>
	</source>
	<size>
		<width>640</width>
		<height>480</height>
		<depth>3</depth>
	</size>
	<segmented>0</segmented>
	<object>
		<name>left</name>
		<pose>Unspecified</pose>
		<truncated>0</truncated>
		<difficult>0</difficult>
		<bndbox>
			<xmin>148</xmin>
			<ymin>39</ymin>
			<xmax>277</xmax>
			<ymax>150</ymax>
		</bndbox>
	</object>
	<object>
		<name>left</name>
		<pose>Unspecified</pose>
		<truncated>0</truncated>
		<difficult>0</difficult>
		<bndbox>
			<xmin>470</xmin>
			<ymin>166</ymin>
			<xmax>577</xmax>
			<ymax>303</ymax>
		</bndbox>
	</object>
	<object>
		<name>ignore</name>
		<pose>Unspecified</pose>
		<truncated>0</truncated>
		<difficult>0</difficult>
		<bndbox>
			<xmin>305</xmin>
			<ymin>207</ymin>
			<xmax>324</xmax>
			<ymax>231</ymax>
		</bndbox>
	</object>
</annotation>
