<annotation>
	<folder>trainingset</folder>
	<filename>video8_26.png</filename>
	<path>/home/milly/바탕화면/trainingset/video8_26.png</path>
	<source>
		<database>Unknown</database>
	</source>
	<size>
		<width>640</width>
		<height>480</height>
		<depth>3</depth>
	</size>
	<segmented>0</segmented>
	<object>
		<name>left</name>
		<pose>Unspecified</pose>
		<truncated>0</truncated>
		<difficult>0</difficult>
		<bndbox>
			<xmin>153</xmin>
			<ymin>157</ymin>
			<xmax>246</xmax>
			<ymax>291</ymax>
		</bndbox>
	</object>
	<object>
		<name>ignore</name>
		<pose>Unspecified</pose>
		<truncated>0</truncated>
		<difficult>0</difficult>
		<bndbox>
			<xmin>303</xmin>
			<ymin>194</ymin>
			<xmax>326</xmax>
			<ymax>225</ymax>
		</bndbox>
	</object>
	<object>
		<name>ignore</name>
		<pose>Unspecified</pose>
		<truncated>0</truncated>
		<difficult>0</difficult>
		<bndbox>
			<xmin>97</xmin>
			<ymin>200</ymin>
			<xmax>119</xmax>
			<ymax>249</ymax>
		</bndbox>
	</object>
</annotation>
