<annotation>
	<folder>trainingset</folder>
	<filename>video8_86.png</filename>
	<path>/home/milly/바탕화면/trainingset/video8_86.png</path>
	<source>
		<database>Unknown</database>
	</source>
	<size>
		<width>640</width>
		<height>480</height>
		<depth>3</depth>
	</size>
	<segmented>0</segmented>
	<object>
		<name>ignore</name>
		<pose>Unspecified</pose>
		<truncated>0</truncated>
		<difficult>0</difficult>
		<bndbox>
			<xmin>407</xmin>
			<ymin>130</ymin>
			<xmax>466</xmax>
			<ymax>211</ymax>
		</bndbox>
	</object>
	<object>
		<name>ignore</name>
		<pose>Unspecified</pose>
		<truncated>0</truncated>
		<difficult>0</difficult>
		<bndbox>
			<xmin>497</xmin>
			<ymin>199</ymin>
			<xmax>538</xmax>
			<ymax>230</ymax>
		</bndbox>
	</object>
	<object>
		<name>ignore</name>
		<pose>Unspecified</pose>
		<truncated>0</truncated>
		<difficult>0</difficult>
		<bndbox>
			<xmin>605</xmin>
			<ymin>198</ymin>
			<xmax>620</xmax>
			<ymax>218</ymax>
		</bndbox>
	</object>
</annotation>
