<annotation>
	<folder>trainingset</folder>
	<filename>video8_81.png</filename>
	<path>/home/milly/바탕화면/trainingset/video8_81.png</path>
	<source>
		<database>Unknown</database>
	</source>
	<size>
		<width>640</width>
		<height>480</height>
		<depth>3</depth>
	</size>
	<segmented>0</segmented>
	<object>
		<name>ignore</name>
		<pose>Unspecified</pose>
		<truncated>0</truncated>
		<difficult>0</difficult>
		<bndbox>
			<xmin>349</xmin>
			<ymin>175</ymin>
			<xmax>382</xmax>
			<ymax>222</ymax>
		</bndbox>
	</object>
	<object>
		<name>ignore</name>
		<pose>Unspecified</pose>
		<truncated>0</truncated>
		<difficult>0</difficult>
		<bndbox>
			<xmin>421</xmin>
			<ymin>204</ymin>
			<xmax>451</xmax>
			<ymax>231</ymax>
		</bndbox>
	</object>
	<object>
		<name>ignore</name>
		<pose>Unspecified</pose>
		<truncated>0</truncated>
		<difficult>0</difficult>
		<bndbox>
			<xmin>486</xmin>
			<ymin>204</ymin>
			<xmax>503</xmax>
			<ymax>220</ymax>
		</bndbox>
	</object>
</annotation>
