<annotation>
	<folder>trainingset</folder>
	<filename>video8_19.png</filename>
	<path>/home/milly/바탕화면/trainingset/video8_19.png</path>
	<source>
		<database>Unknown</database>
	</source>
	<size>
		<width>640</width>
		<height>480</height>
		<depth>3</depth>
	</size>
	<segmented>0</segmented>
	<object>
		<name>ignore</name>
		<pose>Unspecified</pose>
		<truncated>0</truncated>
		<difficult>0</difficult>
		<bndbox>
			<xmin>271</xmin>
			<ymin>202</ymin>
			<xmax>294</xmax>
			<ymax>236</ymax>
		</bndbox>
	</object>
	<object>
		<name>ignore</name>
		<pose>Unspecified</pose>
		<truncated>0</truncated>
		<difficult>0</difficult>
		<bndbox>
			<xmin>293</xmin>
			<ymin>203</ymin>
			<xmax>308</xmax>
			<ymax>222</ymax>
		</bndbox>
	</object>
	<object>
		<name>ignore</name>
		<pose>Unspecified</pose>
		<truncated>0</truncated>
		<difficult>0</difficult>
		<bndbox>
			<xmin>392</xmin>
			<ymin>205</ymin>
			<xmax>400</xmax>
			<ymax>222</ymax>
		</bndbox>
	</object>
</annotation>
