<annotation>
	<folder>trainingset</folder>
	<filename>video8_89.png</filename>
	<path>/home/milly/바탕화면/trainingset/video8_89.png</path>
	<source>
		<database>Unknown</database>
	</source>
	<size>
		<width>640</width>
		<height>480</height>
		<depth>3</depth>
	</size>
	<segmented>0</segmented>
	<object>
		<name>ignore</name>
		<pose>Unspecified</pose>
		<truncated>0</truncated>
		<difficult>0</difficult>
		<bndbox>
			<xmin>306</xmin>
			<ymin>193</ymin>
			<xmax>369</xmax>
			<ymax>239</ymax>
		</bndbox>
	</object>
	<object>
		<name>ignore</name>
		<pose>Unspecified</pose>
		<truncated>0</truncated>
		<difficult>0</difficult>
		<bndbox>
			<xmin>478</xmin>
			<ymin>199</ymin>
			<xmax>498</xmax>
			<ymax>223</ymax>
		</bndbox>
	</object>
	<object>
		<name>right</name>
		<pose>Unspecified</pose>
		<truncated>1</truncated>
		<difficult>0</difficult>
		<bndbox>
			<xmin>57</xmin>
			<ymin>1</ymin>
			<xmax>234</xmax>
			<ymax>202</ymax>
		</bndbox>
	</object>
</annotation>
