<annotation>
	<folder>trainingset</folder>
	<filename>video8_83.png</filename>
	<path>/home/milly/바탕화면/trainingset/video8_83.png</path>
	<source>
		<database>Unknown</database>
	</source>
	<size>
		<width>640</width>
		<height>480</height>
		<depth>3</depth>
	</size>
	<segmented>0</segmented>
	<object>
		<name>ignore</name>
		<pose>Unspecified</pose>
		<truncated>0</truncated>
		<difficult>0</difficult>
		<bndbox>
			<xmin>371</xmin>
			<ymin>159</ymin>
			<xmax>408</xmax>
			<ymax>213</ymax>
		</bndbox>
	</object>
	<object>
		<name>ignore</name>
		<pose>Unspecified</pose>
		<truncated>0</truncated>
		<difficult>0</difficult>
		<bndbox>
			<xmin>450</xmin>
			<ymin>202</ymin>
			<xmax>485</xmax>
			<ymax>227</ymax>
		</bndbox>
	</object>
	<object>
		<name>ignore</name>
		<pose>Unspecified</pose>
		<truncated>0</truncated>
		<difficult>0</difficult>
		<bndbox>
			<xmin>531</xmin>
			<ymin>202</ymin>
			<xmax>542</xmax>
			<ymax>215</ymax>
		</bndbox>
	</object>
</annotation>
