<annotation>
	<folder>trainingset</folder>
	<filename>video8_113.png</filename>
	<path>/home/milly/바탕화면/trainingset/video8_113.png</path>
	<source>
		<database>Unknown</database>
	</source>
	<size>
		<width>640</width>
		<height>480</height>
		<depth>3</depth>
	</size>
	<segmented>0</segmented>
	<object>
		<name>right</name>
		<pose>Unspecified</pose>
		<truncated>0</truncated>
		<difficult>0</difficult>
		<bndbox>
			<xmin>297</xmin>
			<ymin>131</ymin>
			<xmax>355</xmax>
			<ymax>212</ymax>
		</bndbox>
	</object>
	<object>
		<name>ignore</name>
		<pose>Unspecified</pose>
		<truncated>0</truncated>
		<difficult>0</difficult>
		<bndbox>
			<xmin>381</xmin>
			<ymin>185</ymin>
			<xmax>407</xmax>
			<ymax>206</ymax>
		</bndbox>
	</object>
	<object>
		<name>ignore</name>
		<pose>Unspecified</pose>
		<truncated>0</truncated>
		<difficult>0</difficult>
		<bndbox>
			<xmin>435</xmin>
			<ymin>209</ymin>
			<xmax>454</xmax>
			<ymax>232</ymax>
		</bndbox>
	</object>
</annotation>
