<annotation>
	<folder>trainingset</folder>
	<filename>video8_33.png</filename>
	<path>/home/milly/바탕화면/trainingset/video8_33.png</path>
	<source>
		<database>Unknown</database>
	</source>
	<size>
		<width>640</width>
		<height>480</height>
		<depth>3</depth>
	</size>
	<segmented>0</segmented>
	<object>
		<name>ignore</name>
		<pose>Unspecified</pose>
		<truncated>0</truncated>
		<difficult>0</difficult>
		<bndbox>
			<xmin>408</xmin>
			<ymin>173</ymin>
			<xmax>450</xmax>
			<ymax>240</ymax>
		</bndbox>
	</object>
	<object>
		<name>ignore</name>
		<pose>Unspecified</pose>
		<truncated>0</truncated>
		<difficult>0</difficult>
		<bndbox>
			<xmin>231</xmin>
			<ymin>201</ymin>
			<xmax>260</xmax>
			<ymax>235</ymax>
		</bndbox>
	</object>
	<object>
		<name>ignore</name>
		<pose>Unspecified</pose>
		<truncated>0</truncated>
		<difficult>0</difficult>
		<bndbox>
			<xmin>143</xmin>
			<ymin>194</ymin>
			<xmax>161</xmax>
			<ymax>220</ymax>
		</bndbox>
	</object>
	<object>
		<name>ignore</name>
		<pose>Unspecified</pose>
		<truncated>0</truncated>
		<difficult>0</difficult>
		<bndbox>
			<xmin>88</xmin>
			<ymin>199</ymin>
			<xmax>113</xmax>
			<ymax>238</ymax>
		</bndbox>
	</object>
	<object>
		<name>ignore</name>
		<pose>Unspecified</pose>
		<truncated>0</truncated>
		<difficult>0</difficult>
		<bndbox>
			<xmin>621</xmin>
			<ymin>205</ymin>
			<xmax>637</xmax>
			<ymax>234</ymax>
		</bndbox>
	</object>
</annotation>
