<annotation>
	<folder>trainingset</folder>
	<filename>video8_75.png</filename>
	<path>/home/milly/바탕화면/trainingset/video8_75.png</path>
	<source>
		<database>Unknown</database>
	</source>
	<size>
		<width>640</width>
		<height>480</height>
		<depth>3</depth>
	</size>
	<segmented>0</segmented>
	<object>
		<name>ignore</name>
		<pose>Unspecified</pose>
		<truncated>0</truncated>
		<difficult>0</difficult>
		<bndbox>
			<xmin>297</xmin>
			<ymin>197</ymin>
			<xmax>314</xmax>
			<ymax>218</ymax>
		</bndbox>
	</object>
	<object>
		<name>ignore</name>
		<pose>Unspecified</pose>
		<truncated>0</truncated>
		<difficult>0</difficult>
		<bndbox>
			<xmin>17</xmin>
			<ymin>217</ymin>
			<xmax>34</xmax>
			<ymax>234</ymax>
		</bndbox>
	</object>
</annotation>
