<annotation>
	<folder>trainingset</folder>
	<filename>video8_112.png</filename>
	<path>/home/milly/바탕화면/trainingset/video8_112.png</path>
	<source>
		<database>Unknown</database>
	</source>
	<size>
		<width>640</width>
		<height>480</height>
		<depth>3</depth>
	</size>
	<segmented>0</segmented>
	<object>
		<name>ignore</name>
		<pose>Unspecified</pose>
		<truncated>0</truncated>
		<difficult>0</difficult>
		<bndbox>
			<xmin>239</xmin>
			<ymin>156</ymin>
			<xmax>285</xmax>
			<ymax>219</ymax>
		</bndbox>
	</object>
	<object>
		<name>ignore</name>
		<pose>Unspecified</pose>
		<truncated>0</truncated>
		<difficult>0</difficult>
		<bndbox>
			<xmin>314</xmin>
			<ymin>191</ymin>
			<xmax>338</xmax>
			<ymax>211</ymax>
		</bndbox>
	</object>
	<object>
		<name>ignore</name>
		<pose>Unspecified</pose>
		<truncated>0</truncated>
		<difficult>0</difficult>
		<bndbox>
			<xmin>364</xmin>
			<ymin>212</ymin>
			<xmax>382</xmax>
			<ymax>233</ymax>
		</bndbox>
	</object>
</annotation>
