<annotation>
	<folder>trainingset</folder>
	<filename>video8_88.png</filename>
	<path>/home/milly/바탕화면/trainingset/video8_88.png</path>
	<source>
		<database>Unknown</database>
	</source>
	<size>
		<width>640</width>
		<height>480</height>
		<depth>3</depth>
	</size>
	<segmented>0</segmented>
	<object>
		<name>right</name>
		<pose>Unspecified</pose>
		<truncated>0</truncated>
		<difficult>0</difficult>
		<bndbox>
			<xmin>308</xmin>
			<ymin>66</ymin>
			<xmax>404</xmax>
			<ymax>208</ymax>
		</bndbox>
	</object>
	<object>
		<name>ignore</name>
		<pose>Unspecified</pose>
		<truncated>0</truncated>
		<difficult>0</difficult>
		<bndbox>
			<xmin>433</xmin>
			<ymin>200</ymin>
			<xmax>484</xmax>
			<ymax>238</ymax>
		</bndbox>
	</object>
	<object>
		<name>ignore</name>
		<pose>Unspecified</pose>
		<truncated>0</truncated>
		<difficult>0</difficult>
		<bndbox>
			<xmin>571</xmin>
			<ymin>202</ymin>
			<xmax>590</xmax>
			<ymax>224</ymax>
		</bndbox>
	</object>
</annotation>
