<annotation>
	<folder>trainingset</folder>
	<filename>video8_45.png</filename>
	<path>/home/milly/바탕화면/trainingset/video8_45.png</path>
	<source>
		<database>Unknown</database>
	</source>
	<size>
		<width>640</width>
		<height>480</height>
		<depth>3</depth>
	</size>
	<segmented>0</segmented>
	<object>
		<name>ignore</name>
		<pose>Unspecified</pose>
		<truncated>1</truncated>
		<difficult>0</difficult>
		<bndbox>
			<xmin>1</xmin>
			<ymin>145</ymin>
			<xmax>40</xmax>
			<ymax>221</ymax>
		</bndbox>
	</object>
	<object>
		<name>ignore</name>
		<pose>Unspecified</pose>
		<truncated>0</truncated>
		<difficult>0</difficult>
		<bndbox>
			<xmin>107</xmin>
			<ymin>203</ymin>
			<xmax>123</xmax>
			<ymax>221</ymax>
		</bndbox>
	</object>
</annotation>
