<annotation>
	<folder>trainingset</folder>
	<filename>video8_8.png</filename>
	<path>/home/milly/바탕화면/trainingset/video8_8.png</path>
	<source>
		<database>Unknown</database>
	</source>
	<size>
		<width>640</width>
		<height>480</height>
		<depth>3</depth>
	</size>
	<segmented>0</segmented>
	<object>
		<name>ignore</name>
		<pose>Unspecified</pose>
		<truncated>0</truncated>
		<difficult>0</difficult>
		<bndbox>
			<xmin>490</xmin>
			<ymin>200</ymin>
			<xmax>530</xmax>
			<ymax>255</ymax>
		</bndbox>
	</object>
	<object>
		<name>ignore</name>
		<pose>Unspecified</pose>
		<truncated>0</truncated>
		<difficult>0</difficult>
		<bndbox>
			<xmin>388</xmin>
			<ymin>158</ymin>
			<xmax>440</xmax>
			<ymax>197</ymax>
		</bndbox>
	</object>
	<object>
		<name>ignore</name>
		<pose>Unspecified</pose>
		<truncated>0</truncated>
		<difficult>0</difficult>
		<bndbox>
			<xmin>429</xmin>
			<ymin>209</ymin>
			<xmax>453</xmax>
			<ymax>229</ymax>
		</bndbox>
	</object>
</annotation>
