<annotation>
	<folder>trainingset</folder>
	<filename>video8_48.png</filename>
	<path>/home/milly/바탕화면/trainingset/video8_48.png</path>
	<source>
		<database>Unknown</database>
	</source>
	<size>
		<width>640</width>
		<height>480</height>
		<depth>3</depth>
	</size>
	<segmented>0</segmented>
	<object>
		<name>left</name>
		<pose>Unspecified</pose>
		<truncated>0</truncated>
		<difficult>0</difficult>
		<bndbox>
			<xmin>318</xmin>
			<ymin>54</ymin>
			<xmax>427</xmax>
			<ymax>213</ymax>
		</bndbox>
	</object>
	<object>
		<name>ignore</name>
		<pose>Unspecified</pose>
		<truncated>0</truncated>
		<difficult>0</difficult>
		<bndbox>
			<xmin>535</xmin>
			<ymin>199</ymin>
			<xmax>556</xmax>
			<ymax>223</ymax>
		</bndbox>
	</object>
</annotation>
