<annotation>
	<folder>trainingset</folder>
	<filename>video8_47.png</filename>
	<path>/home/milly/바탕화면/trainingset/video8_47.png</path>
	<source>
		<database>Unknown</database>
	</source>
	<size>
		<width>640</width>
		<height>480</height>
		<depth>3</depth>
	</size>
	<segmented>0</segmented>
	<object>
		<name>left</name>
		<pose>Unspecified</pose>
		<truncated>0</truncated>
		<difficult>0</difficult>
		<bndbox>
			<xmin>238</xmin>
			<ymin>98</ymin>
			<xmax>322</xmax>
			<ymax>220</ymax>
		</bndbox>
	</object>
	<object>
		<name>ignore</name>
		<pose>Unspecified</pose>
		<truncated>0</truncated>
		<difficult>0</difficult>
		<bndbox>
			<xmin>440</xmin>
			<ymin>201</ymin>
			<xmax>458</xmax>
			<ymax>230</ymax>
		</bndbox>
	</object>
</annotation>
