<annotation>
	<folder>trainingset</folder>
	<filename>video8_9.png</filename>
	<path>/home/milly/바탕화면/trainingset/video8_9.png</path>
	<source>
		<database>Unknown</database>
	</source>
	<size>
		<width>640</width>
		<height>480</height>
		<depth>3</depth>
	</size>
	<segmented>0</segmented>
	<object>
		<name>ignore</name>
		<pose>Unspecified</pose>
		<truncated>0</truncated>
		<difficult>0</difficult>
		<bndbox>
			<xmin>419</xmin>
			<ymin>194</ymin>
			<xmax>466</xmax>
			<ymax>249</ymax>
		</bndbox>
	</object>
	<object>
		<name>ignore</name>
		<pose>Unspecified</pose>
		<truncated>0</truncated>
		<difficult>0</difficult>
		<bndbox>
			<xmin>290</xmin>
			<ymin>141</ymin>
			<xmax>350</xmax>
			<ymax>191</ymax>
		</bndbox>
	</object>
	<object>
		<name>ignore</name>
		<pose>Unspecified</pose>
		<truncated>0</truncated>
		<difficult>0</difficult>
		<bndbox>
			<xmin>346</xmin>
			<ymin>207</ymin>
			<xmax>365</xmax>
			<ymax>226</ymax>
		</bndbox>
	</object>
</annotation>
