<annotation>
	<folder>trainingset</folder>
	<filename>video8_18.png</filename>
	<path>/home/milly/바탕화면/trainingset/video8_18.png</path>
	<source>
		<database>Unknown</database>
	</source>
	<size>
		<width>640</width>
		<height>480</height>
		<depth>3</depth>
	</size>
	<segmented>0</segmented>
	<object>
		<name>ignore</name>
		<pose>Unspecified</pose>
		<truncated>0</truncated>
		<difficult>0</difficult>
		<bndbox>
			<xmin>285</xmin>
			<ymin>204</ymin>
			<xmax>307</xmax>
			<ymax>235</ymax>
		</bndbox>
	</object>
	<object>
		<name>ignore</name>
		<pose>Unspecified</pose>
		<truncated>0</truncated>
		<difficult>0</difficult>
		<bndbox>
			<xmin>306</xmin>
			<ymin>205</ymin>
			<xmax>318</xmax>
			<ymax>222</ymax>
		</bndbox>
	</object>
	<object>
		<name>ignore</name>
		<pose>Unspecified</pose>
		<truncated>0</truncated>
		<difficult>0</difficult>
		<bndbox>
			<xmin>397</xmin>
			<ymin>207</ymin>
			<xmax>403</xmax>
			<ymax>219</ymax>
		</bndbox>
	</object>
</annotation>
