<annotation>
	<folder>trainingset</folder>
	<filename>video8_91.png</filename>
	<path>/home/milly/바탕화면/trainingset/video8_91.png</path>
	<source>
		<database>Unknown</database>
	</source>
	<size>
		<width>640</width>
		<height>480</height>
		<depth>3</depth>
	</size>
	<segmented>0</segmented>
	<object>
		<name>left</name>
		<pose>Unspecified</pose>
		<truncated>0</truncated>
		<difficult>0</difficult>
		<bndbox>
			<xmin>207</xmin>
			<ymin>170</ymin>
			<xmax>304</xmax>
			<ymax>240</ymax>
		</bndbox>
	</object>
	<object>
		<name>ignore</name>
		<pose>Unspecified</pose>
		<truncated>0</truncated>
		<difficult>0</difficult>
		<bndbox>
			<xmin>474</xmin>
			<ymin>170</ymin>
			<xmax>506</xmax>
			<ymax>211</ymax>
		</bndbox>
	</object>
</annotation>
