<annotation>
	<folder>trainingset</folder>
	<filename>video8_70.png</filename>
	<path>/home/milly/바탕화면/trainingset/video8_70.png</path>
	<source>
		<database>Unknown</database>
	</source>
	<size>
		<width>640</width>
		<height>480</height>
		<depth>3</depth>
	</size>
	<segmented>0</segmented>
	<object>
		<name>ignore</name>
		<pose>Unspecified</pose>
		<truncated>0</truncated>
		<difficult>0</difficult>
		<bndbox>
			<xmin>460</xmin>
			<ymin>192</ymin>
			<xmax>493</xmax>
			<ymax>240</ymax>
		</bndbox>
	</object>
	<object>
		<name>ignore</name>
		<pose>Unspecified</pose>
		<truncated>0</truncated>
		<difficult>0</difficult>
		<bndbox>
			<xmin>412</xmin>
			<ymin>190</ymin>
			<xmax>427</xmax>
			<ymax>214</ymax>
		</bndbox>
	</object>
	<object>
		<name>ignore</name>
		<pose>Unspecified</pose>
		<truncated>0</truncated>
		<difficult>0</difficult>
		<bndbox>
			<xmin>440</xmin>
			<ymin>203</ymin>
			<xmax>457</xmax>
			<ymax>217</ymax>
		</bndbox>
	</object>
</annotation>
